input,reference
Discuss the importance of megalithic structures in understanding the social hierarchy and governance in ancient Indian societies. How do these megalithic monuments serve as key historical markers for understanding the cultural dynamics of the period? 15M,"Megalithic structures, large stone-built burial and commemorative monuments (c. 1000 BCE–300 CE), are crucial archaeological sources for understanding social hierarchy, governance, and cultural life in ancient Indian societies, especially in the Deccan and South India.
Social Hierarchy
•	Status differentiation is evident from variations in size, complexity, and grave goods—elite burials often contain weapons, ornaments, and luxury items, while common graves have simple pottery.
•	Lineage and kinship are suggested by collective or reused family burial sites, indicating the importance of ancestry.
•	Occupational and religious distinctions emerge from symbols, iron tools, and ritual objects, pointing to stratified social roles and belief systems.
•	Spatial placement of monuments on elevated or prominent landscapes reflects social prestige and symbolic authority.
Governance and Political Organisation
•	Labour mobilisation and resource allocation required for constructing large megaliths indicate organised leadership and administrative control.
•	Trade and external contacts are inferred from non-local materials such as copper and semi-precious stones, implying regulated exchange networks.
•	Territorial markers suggest early forms of political boundaries and control over land and resources.
•	Occasional inscriptions and standardized practices hint at evolving legal norms and customary regulations.
Cultural Dynamics
•	Regional diversity in forms and layouts reflects cultural pluralism and local traditions.
•	Ritual practices and funerary beliefs reveal ideas about death, afterlife, and ancestor worship.
•	Astronomical alignments, artistic carvings, and use of local materials indicate scientific knowledge, aesthetic sensibilities, and environmental adaptation.
Conclusion:
Megalithic monuments act as key historical markers that illuminate the social, political, and cultural complexity of early Indian societies, complementing literary sources and enriching our understanding of proto-historic India."
"Pottery in ancient India reflects the evolution of technology, subsistence patterns, and aesthetic sensibilities, making it a vital archaeological source for understanding early societies.","Evolution of Pottery in Ancient India
1. Neolithic Phase
•	Early pottery was handmade using coiling and moulding techniques.
•	It was unglazed, thick, and utilitarian, meant mainly for storage and cooking.
•	Common types included grey ware and mat-impressed ware, indicating functional priorities over decoration.
2. Chalcolithic Phase
•	Introduction of the slow wheel marked a technological advance.
•	Diverse pottery styles emerged such as Black-and-Red Ware, Ochre-Coloured Pottery, and Black-on-Red Ware.
•	Improved firing techniques and painted designs reflect regional variation and growing craftsmanship.
3. Indus Valley Civilization
•	Pottery became wheel-made, well-fired, and standardized.
•	Use of painted pottery with geometric, floral, and animal motifs showed artistic maturity.
•	Specialized forms like perforated jars and offering stands suggest functional diversification.
4. Vedic Period
•	Early Vedic phase saw continued use of Ochre-Coloured Pottery.
•	Later Vedic phase marked by Painted Grey Ware (PGW)—thin-walled, well-fired, and finely painted—indicating technological refinement and elite usage.
5. Mauryan Period
•	Introduction of Northern Black Polished Ware (NBPW) with mirror-like finish reflects advanced firing and polishing techniques.
•	Standardisation points to state patronage and urban expansion.
6. Gupta Period
•	Dominance of red ware, often incised and decorative, showing artistic sophistication and private craftsmanship.
Conclusion
From crude handmade vessels to highly polished and decorative wares, ancient Indian pottery demonstrates continuous technological innovation and stylistic evolution, mirroring broader social, economic, and cultural transformations."
"Volcanoes play a significant role in shaping the Earth’s surface and impacting the environment and human society. In this context, delineate the geological processes and factors that lead to volcanic eruptions. (15 Marks)","Volcanoes are surface expressions of internal geodynamic processes and play a crucial role in shaping the Earth’s surface while significantly influencing the environment and human society.
Geological Processes and Factors Leading to Volcanic Eruptions
1. Plate Tectonics
•	Divergent plate boundaries: Plates move apart, allowing magma to rise and form mid-ocean ridges and shield volcanoes.
•	Convergent plate boundaries: Subduction of an oceanic plate beneath a continental or oceanic plate leads to melting and formation of volcanic arcs.
•	Transform boundaries: Volcanism is rare but may occur where deep fractures facilitate magma ascent.
2. Hotspots
•	Volcanic activity caused by mantle plumes independent of plate boundaries, producing linear volcanic chains.
3. Magma Composition
•	Basaltic magma: Low viscosity, results in effusive eruptions.
•	Andesitic and rhyolitic magma: High viscosity, traps gases, causing explosive eruptions.
4. Gas Content
•	Dissolved gases such as water vapour, CO_, and SO_ expand rapidly as magma ascends, triggering eruptions.
5. Magma Chamber Pressure
•	Accumulation of magma increases pressure, fracturing surrounding rocks and forcing magma to the surface.
Role and Impact of Volcanism
•	Shapes landforms such as cones, calderas, lava plateaus, and islands.
•	Affects climate and air quality through ash and aerosols.
•	Causes hazards like lava flows, ashfall, and lahars impacting human settlements.
Conclusion
Volcanic eruptions result from the interaction of tectonic settings, magma properties, and internal pressure dynamics. Understanding these processes is essential for hazard mitigation and sustainable human habitation in volcanic regions."
"Do we have cultural pockets of small India all over the nation? Elaborate with examples. (10 Marks, 150 words)","Yes, India has several “cultural pockets of small India” spread across the country, where regional cultures are preserved and practised outside their original geographical locations. This reflects India’s pluralistic and integrative social fabric.
Migration for employment, education, marriage, and trade has led to the formation of such pockets—for example, Tamil and Telugu communities in Bengaluru, Punjabi settlements in Delhi, North-Eastern communities in metropolitan cities, and Marwari business communities across urban India.
Metropolitan cities act as cultural melting pots where diverse languages, cuisines, festivals, and customs coexist, creating miniature versions of India within neighbourhoods and housing societies.
Educational institutions attract students nationwide, fostering cultural exchange through shared living, festivals, and everyday interaction.
Festivals, cuisine, dress, and art forms transcend regional boundaries—Durga Puja in Delhi, Onam in Mumbai, or Bihu celebrations in Pune illustrate this spread.
Media, travel, and digital platforms further accelerate cultural diffusion.
Thus, these cultural pockets strengthen unity in diversity, reinforcing national integration without erasing regional identities."
"Why is there a strengthening of the caste system? Discuss the recent changes in the caste system in India along with the suitable example. (15 Marks, 250 words)","Despite constitutional guarantees of equality, caste has shown renewed salience in contemporary India, adapting itself to democratic politics, economic change, and social mobilisation rather than disappearing.
Why is the Caste System Strengthening?
•	Caste-based politics: Political mobilisation around caste identities for vote consolidation has reinforced caste consciousness. Parties often select candidates and frame agendas on caste arithmetic (e.g., OBC or Dalit-based parties).
•	Reservation and affirmative action: While corrective in intent, caste-based reservations require continued identification by caste, sometimes reinforcing group boundaries.
•	Caste associations and panchayats: Caste organisations and informal caste councils regulate marriage, behaviour, and social norms, sustaining caste authority.
•	Economic inequalities: Persistent disparities in education, land ownership, and employment keep caste identities relevant as survival and bargaining tools.
•	Social discrimination: Practices like untouchability, endogamy, and honour-based sanctions still exist in parts of rural India, strengthening caste hierarchies.
Recent Changes in the Caste System
•	Economic and social mobility: Urbanisation, education, and non-farm employment have enabled many from lower castes to improve socio-economic status.
•	Rise of a cross-caste middle class: Consumption patterns and professional identities increasingly cut across caste lines.
•	Education and employment diversification: Reservations in higher education and public employment have weakened traditional occupational rigidity.
•	Inter-caste marriages: Though limited, they are rising, especially in urban and educated sections.
•	Urban anonymity: In cities, caste is often less visible, replaced by class and occupation.
Conclusion
Thus, caste in India is not static but dynamic—simultaneously reinforced through politics and social practices, yet diluted by education, urbanisation, and economic change. The challenge lies in reducing caste-based inequality without perpetuating caste identity itself."